index,category,name,width,height,h_khz,v_hz
1,PC,VGA,640,480,31.50,60.00
2,PC,VESA2,640,480,37.90,72.00
3,PC,VESA1,800,600,35.20,56.00
4,PC,VESA5,800,600,37.90,60.00
5,PC,VESA6,800,600,48.10,72.00
6,PC,VESA3,1024,768,48.40,60.00
7,PC,VESA4,1024,768,56.40,70.00
8,PC,XGA5,1024,768,57.00,70.00
9,PC,VESA8,1024,768,60.00,75.00
10,PC,VESA9,1024,768,68.70,85.00
11,PC,VESA10,1152,864,67.50,75.00
12,PC,1280x960,1280,960,60.00,60.00
13,PC,1280x960,1280,960,70.00,70.00
14,PC,1280x960,1280,960,75.00,75.00
15,PC,VESA11,1280,1024,64.00,60.00
16,PC,VESA12,1280,1024,91.10,85.00
17,PC,SXGA+1,1400,1050,63.90,60.00
18,PC,SXGA+2,1400,1050,65.32,60.00
19,PC,VESA13,1600,1200,75.00,60.00
20,PC,VESA14,1600,1200,87.50,70.00
21,PC,VESA15,1600,1200,106.30,85.00
22,PC,QXGA1,2048,1536,99.46,60.00
23,PC,QXGA2,2048,1536,115.00,71.80
24,PC,LCoS1,1360,1024,80.00,75.10
25,PC,LCoS2,1365,1024,65.20,60.00
26,CAD workstation,SGI,640,480,31.50,60.00
27,CAD workstation,SGI,640,512,32.22,60.00
28,CAD workstation,SGI,800,600,37.80,60.00
29,CAD workstation,SGI,960,680,42.84,60.00
30,CAD workstation,SGI,960,620,39.06,60.00
31,CAD workstation,SGI,1024,768,48.36,60.00
32,CAD workstation,SGI,1024,768,40.30,50.00
33,CAD workstation,SGI,1200,900,68.04,72.00
34,CAD workstation,SGI,1280,1024,53.25,50.00
35,CAD workstation,SGI,1280,1024,63.90,60.00
36,CAD workstation,SGI,1280,1024,76.68,72.00
37,CAD workstation,SGI,1500,1200,75.60,60.00
38,CAD workstation,SGI,1600,1024,63.38,60.00
39,CAD workstation,SGI,1600,1200,75.00,60.00
40,CAD workstation,SGI,1760,1100,71.04,60.00
41,CAD workstation,SGI,1920,1035,33.75,60/30
42,CAD workstation,SGI,1920,1080,33.72,60/30
43,CAD workstation,SGI,1920,1080,70.31,60.00
44,CAD workstation,SGI,1920,1080,84.37,72.00
45,CAD workstation,SGI,1920,1200,77.52,60.00
46,CAD workstation,SGI,1920,1200,85.27,66.00
47,CAD workstation,SGI,2048,1120,83.45,72.00
48,CAD workstation,SUN,1152,900,61.80,66.00
49,CAD workstation,SUN,1152,900,71.70,76.00
50,CAD workstation,SUN,1280,1024,81.00,76.00
51,CAD workstation,SUN,1600,1280,89.30,67.00
52,CAD workstation,SUN,1920,1080,84.40,72.00
53,CAD workstation,SUN,1920,1200,87.20,70.00
54,Stereographics,SUN,1920,1200,93.60,75.00
55,Stereographics,Stereo VGA,640,222,31.50,120.00
56,Stereographics,SGI Stereo,640,480,60.84,120.00
57,Stereographics,SGI Stereo,640,512,65.28,120.00
58,Stereographics,SGI Stereo,1024,768,96.84,120.00
59,Stereographics,SGI Stereo,1024,768,77.47,96.00
60,Stereographics,SGI Stereo,1120,840,84.38,96.00
61,Stereographics,SGI Stereo,1280,1024,124.60,114.00
62,Stereographics,SGI Stereo,1280,1024,131.16,120.00
63,Stereographics,SGI Stereo,1280,492,63.96,120.00
64,Super high resolution,Corner,1600,1800,105.00,76.00
65,Super high resolution,Extron,1280,1024,92.00,86.80
66,Super high resolution,Extron,1600,1280,95.00,70.90
67,Super high resolution,Extron,1800,1440,105.00,70.00
68,16:9 high resolution,16:9 HR,848,480,31.02,60.00
69,16:9 high resolution,16:9 HR,852,480,31.80,60.00
70,16:9 high resolution,16:9 HR,960,540,33.78,60.00
71,16:9 high resolution,16:9 HR,1024,576,44.04,60.00
72,16:9 high resolution,16:9 HR,1024,576,52.85,72.00
73,16:9 high resolution,WXGA1,1280,768,45.11,56.25
74,16:9 high resolution,WXGA2,1280,768,48.00,60.00
75,16:9 high resolution,WXGA3,1280,768,47.77,59.87
76,16:9 high resolution,WXGA4,1280,800,49.70,59.81
77,16:9 high resolution,WXGA5,1360,765,47.70,60.00
78,16:9 high resolution,WXGA6,1360,768,47.70,60.00
79,16:9 high resolution,WXGA7,1365,768,47.70,60.00
80,16:9 high resolution,WXGA8,1366,768,47.70,59.79
81,16:9 high resolution,WSXGA,1440,900,55.94,59.89
82,16:9 high resolution,WSXGA+1,1680,1050,64.67,59.83
83,16:9 high resolution,WSXGA+2,1680,1050,65.29,59.95
84,16:9 high resolution,1080p PC,1920,1080,67.20,60.00
85,16:9 high resolution,WUXGA1,1920,1200,74.52,59.61
86,16:9 high resolution,WUXGA2,1920,1200,74.60,60.00
87,HDTV,WQXGA,2560,1600,99.46,60.00
88,HDTV,480p,720,483,31.47,59.94
89,HDTV,576p,720,576,31.25,50.00
90,HDTV,720p,1280,720,44.96,59.94
91,HDTV,720p,1280,720,45.00,60.00
92,HDTV,720p,1280,720,37.50,50.00
93,HDTV,720p,1280,720,22.48,29.97
94,HDTV,720p,1280,720,22.50,30.00
95,HDTV,720p,1280,720,18.75,25.00
96,HDTV,1080i,1920,1080,33.72,29.97
97,HDTV,1080i,1920,1080,33.75,30.00
98,HDTV,1080i,1920,1080,28.13,25.00
99,HDTV,1080p,1920,1080,67.50,60.00
100,HDTV,1080p,1920,1080,33.75,30.00
101,HDTV,1080p,1920,1080,33.72,29.97
102,HDTV,1080p,1920,1080,56.25,50.00
103,HDTV,1080p,1920,1080,28.13,25.00
104,HDTV,1080p,1920,1080,27.00,24.00
105,HDTV,1080p(sf),1920,1080,27.00,24.00
106,HDTV,1080p(sf),1920,1080,26.97,23.98
107,HDTV,1035i,1920,1035,33.75,30.00
108,HDTV,1035i,1920,1035,33.72,29.97
109,Video/other,NTSC,720,485,15.70,60/30
110,Video/other,NTSC 0 IRE,720,485,15.70,60/30
111,Video/other,PAL-I,720,575,15.60,50/25
112,Video/other,"PAL-B,G,H",720,575,15.60,50/25
113,Video/other,PAL-N,720,575,15.60,50/25
